id,make,model,model_year,vin
1,Honda,Accord,2001,1G6DM8EV2A0468647
2,Nissan,Frontier,2010,2T1KU4EE8BC434684
3,Mercury,Villager,1994,WAUJC68E34A069549
4,Toyota,Tundra,2011,3C3CFFCR2FT398577
5,Bentley,Azure,2009,WAUXD68D92A509530
6,Alfa Romeo,Spider,1992,5J6TF1H5XEL340855
7,Saturn,S-Series,1999,1J4RG4GK2AC283934
8,Hyundai,Tucson,2005,WP0CA2A82AS323871
9,GMC,Sierra Hybrid,2006,1N4CL2AP9AC114578
10,Chevrolet,Colorado,2012,5N1AA0ND4FN050498
11,Subaru,Forester,2005,JN8AZ1MU1EW165836
12,Mitsubishi,Montero,1997,1G6KE54Y51U403587
13,Lexus,RX,2005,WAUAG78E56A420457
14,Volvo,S40,2003,JH4CU2F67CC175551
15,Buick,Park Avenue,1991,WAUFFAFC5DN559839
16,Toyota,Celica,2001,WVWEU9AN2AE832534
17,Nissan,Sentra,2007,1FTMF1EW8AK196971
18,Volvo,S80,2005,WBAYP9C58FD822828
19,Volkswagen,Type 2,1990,KNAGM4AD8F5084492
20,Chevrolet,Express 2500,2001,JH4DC53074S168163
21,Honda,CR-V,2001,3GYT4LEF4DG863251
22,Mercedes-Benz,S-Class,2000,WAUJT68E95A697231
23,Subaru,Outback,2008,SCFBF04B08G356262
24,Volvo,240,1992,JHMZE2H58DS022924
25,Volkswagen,Cabriolet,1989,19XFB2E57CE779039
26,Mercedes-Benz,G-Class,2010,WA1CGAFE7DD795963
27,Subaru,Impreza,2001,JTEBU5JRXA5681727
28,Dodge,Caravan,1998,3N1CN7AP8FL335055
29,Plymouth,Roadrunner,1969,1N4AA5AP2AC178816
30,Chevrolet,Aveo,2005,5J8TB4H54EL064953
31,Mazda,MPV,2000,1C3CDZCB9EN727817
32,Aston Martin,V8 Vantage,2010,1G6KD57Y57U743037
33,Dodge,Dakota Club,2005,1FTMF1E88AF418449
34,Buick,Century,1998,5N1AT2MK5EC653783
35,Ford,Thunderbird,1990,JH4CW2H61DC151349
36,Ford,Explorer,2006,JN8AE2KP3C9980999
37,Volkswagen,R32,2009,5GAEV23788J173154
38,Oldsmobile,Cutlass Supreme,1992,WAU4FBFL8AA275475
39,Pontiac,Grand Am,1991,5N1AN0NU0FN121328
40,Mitsubishi,Pajero,2005,JH4CU2F60AC622704
41,Ford,Explorer,2006,JN1CV6EK0EM551320
42,Cadillac,Escalade EXT,2007,WA1YD54B04N075056
43,Ford,Fusion,2006,3C63D3NL7CG590694
44,Nissan,Quest,1999,WAUAG78E06A477567
45,GMC,EV1,1999,1G6D25EY3B0412104
46,Pontiac,Torrent,2006,SCBLF34F62C145107
47,Volkswagen,Golf,1999,WDDEJ7KB6DA867273
48,Scion,xD,2010,WAUDV74FX7N682891
49,GMC,Yukon,2001,1C4RDHDG8EC171201
50,Mitsubishi,Tredia,1987,1FTEW1C85AK934265
51,Lexus,SC,1995,WBAPH5C59BA746968
52,Pontiac,Gemini,1987,5XYKT3A17CG586574
53,Oldsmobile,98,1994,KNAFT4A29A5222546
54,Toyota,Prius Plug-in Hybrid,2012,KMHTC6AD6CU619459
55,Volvo,V40,2004,WBAUU3C57BA738905
56,Ford,F150,1998,WAULT68E24A411405
57,Ford,E250,1984,JN1AZ4EH3FM388071
58,GMC,Yukon Denali,2000,WDDHF5KB2EA212192
59,Bentley,Continental Flying Spur,2010,SCBBR93W08C952206
60,Pontiac,Torrent,2008,WUARL48H54K885406
61,BMW,650,2006,1FBSS3BL8AD957757
62,Suzuki,Forenza,2006,3GTU2YEJ7CG366999
63,Chevrolet,Camaro,1992,5FRYD3H92GB157695
64,Ford,Escort,1992,WAUHGBFC7CN997787
65,Chrysler,Town & Country,2002,WAU3FAFRXAA563055
66,Mazda,B-Series,2003,5N1AR2MM2DC878791
67,Chevrolet,Camaro,1968,1GYS4JEF7BR457025
68,Volkswagen,Scirocco,1988,5TDBK3EH7DS458057
69,Aston Martin,DBS,2010,JHMFA3F2XBS586116
70,Land Rover,Defender,1993,2T1BURHEXFC107623
71,Ford,Probe,1994,WAUDH68D61A474368
72,Aston Martin,DB9,2007,1FTEW1C80AF226644
73,Volvo,S80,1999,SALVP2BGXEH699386
74,Isuzu,i-Series,2006,2C3CDXCTXDH692385
75,Jeep,Cherokee,2000,2G61R5S35F9770405
76,Hyundai,Entourage,2009,WA1YD64B24N840337
77,Pontiac,1000,1985,WP1AA2AP4AL493623
78,Dodge,Durango,2009,WBA3C3G50FN401953
79,Ford,Thunderbird,2003,WAUXU64B03N836705
80,Chrysler,300M,2000,WBALW7C52CC230067
81,Chevrolet,Suburban 2500,2006,WAUHE98PX9A582459
82,Mazda,Miata MX-5,1996,5GADV23L45D821737
83,Land Rover,Discovery,2011,WBAGN83454D770803
84,Mitsubishi,Outlander,2010,WBA3T3C56EJ758713
85,Subaru,Legacy,2005,2C4RDGBG6FR082622
86,Toyota,Tacoma,2003,WP1AA2A27EL093310
87,Ford,Edge,2012,1GYUCEEJ7AR035293
88,Lamborghini,Diablo,2001,JH4KA96591C494287
89,Chevrolet,Malibu,2004,3GYFK66N35G378823
90,Volvo,S40,2008,1N4AB7APXDN974697
91,Honda,S2000,2000,WBA1F5C51EV431316
92,Toyota,Previa,1991,2G4WC582181360278
93,Chevrolet,Silverado 2500,1999,1FTEW1CM1BK388496
94,Saab,900,1995,WBA3B9G50FN276720
95,Nissan,350Z Roadster,2006,5NPDH4AE9CH813288
96,Mitsubishi,Chariot,1996,19UUB3F79FA813214
97,Chevrolet,Astro,2002,WAUUL98EX6A680700
98,Acura,RL,2005,19XFB2E51CE296548
99,Dodge,D350,1993,1G6DL1E32D0153778
100,Dodge,Intrepid,2000,1NXBU4EE6AZ333284
101,Subaru,Legacy,1996,WAUDF98E76A108846
102,Nissan,Murano,2011,3D73Y4EL2AG682625
103,GMC,Sonoma Club Coupe,1996,5J8TB4H59FL230966
104,Toyota,4Runner,2008,WAUHFAFL3DA437819
105,Ford,Expedition,2010,WBADX7C58BE753985
106,Dodge,Ram 2500 Club,1995,1FTSX2A50AE527242
107,Toyota,Corolla,2003,1C6RD7HT3CS964529
108,Lotus,Esprit,1997,5NPEB4AC3EH428350
109,Jaguar,XJ,2009,WAUKG98E56A348336
110,Land Rover,Freelander,2002,1G4GJ5E38CF467711
111,Dodge,Caravan,2000,1FTNF1E84AK129290
112,Maybach,57,2006,WVGEG9BP5CD278594
113,Chrysler,Town & Country,2004,YV4952CT1D1383731
114,Lincoln,Mark LT,2007,WA1C8AFP7EA945314
115,Chevrolet,Silverado 2500,2008,1GKUKGEJ1AR329989
116,Chevrolet,Corvette,1956,KMHHT6KJ5FU936423
117,Mitsubishi,Galant,1996,3C6JD6EP8CG828161
118,Pontiac,Gemini,1986,1FTEW1C83AK522605
119,BMW,7 Series,2001,WBA3B1C59EK417887
120,Toyota,Tacoma Xtra,2001,WA1AY74L07D940290
121,Pontiac,Turbo Firefly,1988,WBACN33441L248294
122,Audi,riolet,1997,KNAFK4A60F5884660
123,Hummer,H1,2006,2CTALMEC0B6667218
124,Audi,90,1995,2FMDK3AC2AB839131
125,Hyundai,Veracruz,2011,WAUDG94FX5N622676
126,Nissan,Altima,2009,1HGCR6F53EA356969
127,Plymouth,Neon,1998,WBAFV3C55ED329763
128,Mercedes-Benz,CLS-Class,2006,3C63DPJL4CG063208
129,Chevrolet,Cobalt SS,2009,1D7CE3BK3AS220677
130,Dodge,Daytona,1992,ZFBCFAAH5EZ805665
131,Chevrolet,Express 2500,1996,1G4CU541724117714
132,Ford,Freestar,2004,1N6AA0CC3AN971888
133,Audi,Quattro,1993,1G6DK5ED3B0190581
134,Pontiac,Solstice,2008,TRUVD38J791210763
135,Volkswagen,Jetta,1984,JTHKD5BH6D2319943
136,Volkswagen,Jetta,2002,WBAFR7C50BC405936
137,Cadillac,Escalade,2006,1GTC5MF94C8967227
138,Hummer,H1,1995,SCFEBBAC2AG144194
139,Buick,Regal,2002,WUARL48HX9K766189
140,Buick,Rendezvous,2005,KNDMA5C17F6982678
141,Jaguar,XJ,2009,1GD311CGXFZ946678
142,Dodge,Dakota,1993,WAUKF98E95A808714
143,GMC,Suburban 2500,1995,1FTEW1CW7AK464688
144,BMW,X5 M,2013,1G4GF5G3XCF693800
145,MINI,Countryman,2011,WAUDH74F27N570139
146,Aston Martin,Vantage,2006,WBAXG5C55DD772620
147,BMW,760,2006,1G6AE5SX4E0151530
148,Buick,Century,1985,1C4SDHCT9EC352744
149,Chevrolet,Silverado 3500,2005,2G4GT5GX1F9992391
150,Volkswagen,GTI,2003,WAUJT68E45A637437
151,Ford,Thunderbird,1958,WBS3C9C5XFP722200
152,Ford,F150,2006,WAUBNBFB2AN529000
153,Maserati,GranSport,2005,WBAFV3C51ED234553
154,Dodge,Grand Caravan,2008,SCBCR63W54C076360
155,Subaru,Forester,2005,1N6AA0CA7FN470301
156,Hyundai,Tiburon,2000,WP0AD2A71EL597973
157,Porsche,Panamera,2012,JHMZE2H37CS076776
158,Jeep,Liberty,2005,3C3CFFER1CT920530
159,Chevrolet,Corvette,2005,1FTWF3A56AE849751
160,Honda,Element,2005,2T1BURHE1EC875926
161,Chrysler,300M,2004,5J8TB18208A962101
162,GMC,Sonoma,2000,2FMGK5BC3BB156220
163,BMW,M5,2003,SCFAB423X2K303972
164,MINI,Cooper,2004,1GD022CG1CZ426113
165,Mercedes-Benz,S-Class,2012,2V4RW3D16AR731412
166,BMW,3 Series,2009,WAUKF98E55A494866
167,Chevrolet,Express 2500,2007,1G6AH5RXXF0285604
168,Ford,Fairlane,1967,JN1CV6FE5DM289186
169,Nissan,Murano,2009,3VW507AT4EM676671
170,Ford,Crown Victoria,2001,WP0AB2A93FS609703
171,GMC,Yukon,2009,4USBU53567L901958
172,Hyundai,Elantra,1999,3VW467AT3DM402791
173,GMC,Suburban 2500,1995,WBAFU7C53DD395737
174,Lexus,HS,2010,WAUVC68E65A136910
175,Maybach,57,2003,WBAGK93401D391203
176,Volkswagen,rio,2000,3FA6P0LU8FR247656
177,GMC,Savana,2009,WBAWL73547P520881
178,Hyundai,Veracruz,2009,JTHBE1KS1B0001089
179,Maybach,57S,2005,5FRYD4H25GB623919
180,Audi,A5,2010,1G6KH5EY0AU103025
181,Honda,S2000,2006,1G6DM8E34D0049475
182,Suzuki,Swift,1994,19UYA42552A421548
183,Saab,900,1991,1GT01ZCG1EF780993
184,Infiniti,I,2002,1C6RD7HT0CS994653
185,Toyota,Land Cruiser,2009,1N6AF0LY8FN532237
186,Volvo,C70,2006,JH4DC54886S206054
187,Ford,ZX2,2002,1N6BF0KM2FN042587
188,Pontiac,Bonneville,1990,3G5DB03E25S690974
189,Buick,Park Avenue,2002,YV1672MC0CJ033806
190,Mercedes-Benz,E-Class,1987,3C63DRAL6CG048205
191,Saab,900,1994,WAUDGBFL9BA933951
192,Ferrari,458 Italia,2012,1G6DS8E3XD0119051
193,Oldsmobile,Cutlass Supreme,1993,JTDKN3DUXB0824311
194,Ford,F-Series,2002,WAUNF78P38A600447
195,Ford,F250,2008,1G6DE8EY5B0811864
196,Chevrolet,Express 3500,1996,1GT02ZCG1EF761468
197,Ford,F-Series,1990,JN8AS5MT3DW982663
198,Cadillac,Escalade ESV,2003,WAUGFAFR1EA010169
199,Mazda,626,2002,WAUR2AFD7DN251444
200,Chevrolet,Silverado,2010,1FMEU2DE8AU460196
201,Audi,S6,2008,KMHTC6AD9EU597427
202,Plymouth,Colt Vista,1994,5N1AA0NCXEN815171
203,Mitsubishi,Pajero,1992,WAUDFAFL2BA842873
204,Pontiac,Firebird,2002,5N1AN0NW6EN617363
205,Volkswagen,Jetta,1987,WAUDF78E47A350399
206,Mitsubishi,Outlander,2011,WA1DKBFPXBA864671
207,Lincoln,Mark VIII,1996,1GYFC53249R826655
208,Hyundai,Scoupe,1993,WAUHGAFC6EN958542
209,Dodge,Neon,1996,WBAUC9C58BV086780
210,Jeep,Wrangler,2001,5XYZT3LB7FG933071
211,Hyundai,Genesis,2010,WBAGL83514D574064
212,Mitsubishi,Mighty Max,1992,1N4AB7AP1DN943693
213,Suzuki,XL-7,2001,WBAPL5C56BA186454
214,GMC,Sonoma,2001,2G61W5S83E9729869
215,Infiniti,QX,2008,1GYUKGEFXAR635526
216,Ford,F-Series Super Duty,2010,2T1BURHE1EC126009
217,Chevrolet,Camaro,1995,JH4CU2E81EC495695
218,Audi,TT,2005,3D7JB1EP1BG018943
219,Lincoln,Navigator,2007,2T1BURHEXEC189027
220,Mercedes-Benz,M-Class,2000,WVGFG9BP1CD832170
221,Lexus,RX,2000,SCFEBBCF3CG831758
222,Toyota,Tacoma Xtra,2002,WA1WYAFE7AD255633
223,Pontiac,Grand Prix,2005,2G4WD532851316911
224,Mercedes-Benz,300TE,1993,WP0AA2A8XAU431778
225,Subaru,Justy,1989,WAUEH98EX6A341196
226,Volkswagen,Eos,2007,WBAXH5C58CD145373
227,Mitsubishi,Mirage,1997,5NPDH4AE0CH162746
228,GMC,Sonoma,2004,WBAKE5C5XBE925886
229,GMC,Yukon XL 1500,2003,WBANV93578C873318
230,Volkswagen,New Beetle,1999,1FADP3E24DL372962
231,Volvo,C70,2011,2G4GY5GV9B9200045
232,Dodge,Dakota,2010,WAUHF98P66A753023
233,Pontiac,Firebird,1986,1D4RE3GG4BC031723
234,Mercury,Villager,2001,1G6KF54901U501416
235,Chevrolet,Aveo,2004,WA1VMAFE6ED863799
236,Mercedes-Benz,E-Class,2007,WAUMR44E35N991982
237,Lexus,ES,2003,1G6AP5SX7F0963853
238,Ford,Probe,1991,1N6AD0CW1EN145421
239,Mercedes-Benz,600SEL,1993,3GYFNHE39DS584226
240,Pontiac,Fiero,1988,JN8AE2KP3B9923619
241,Honda,Accord,1986,WAUDFAFC8FN893440
242,GMC,Sierra 2500,2008,5J6TF1H39FL975338
243,Chevrolet,G-Series 1500,1998,5N1AR2MM9FC978356
244,Mazda,MX-5,1994,1VWAH7A38CC620609
245,Chevrolet,Astro,2002,4A4AP3AU4FE745857
246,Toyota,Venza,2013,1D7CE3GK0AS573208
247,Honda,Accord,1983,JN8AZ2KR7ET198328
248,Acura,RDX,2007,WA1WKBFP6BA077791
249,Ford,Escort,1984,1GYFK26299R981781
250,Bentley,Azure T,2010,KM8JT3AB5DU888834
251,Buick,Park Avenue,1996,1FTSW3A56AE596381
252,Oldsmobile,Ciera,1992,19UUA75667A239319
253,Lexus,HS,2011,2C3CCASG1DH824695
254,Volvo,S80,2011,JTHBF1D26F5042403
255,Ford,Taurus,1988,5TFCY5F16CX367306
256,Ford,Taurus,1997,JH4DC54802C667317
257,Lincoln,Continental,1988,5XYZG3AB9CG064265
258,BMW,M3,2003,3C3CFFFH7FT350771
259,Infiniti,G35,2004,WAUEF98E18A422144
260,Mitsubishi,Mighty Max,1992,3C3CFFER0FT094385
261,Lexus,LX,2013,WBA3B3G54FN327603
262,Mitsubishi,Diamante,1997,KMHHT6KD2BU379636
263,Chevrolet,Express 3500,1999,4T1BF3EK0AU559184
264,Mercedes-Benz,G-Class,2012,JM1NC2LF8F0587453
265,Honda,Ridgeline,2009,5N1AR1NB2CC365532
266,Hyundai,Excel,1993,1G6DT57V380919271
267,Volkswagen,Touareg,2003,3N1AB6AP9CL569064
268,Chevrolet,Silverado,1999,5GAKRAED3CJ826731
269,Buick,Century,1994,1GYS4CEF3ER208947
270,Mazda,626,2001,WAU3GAFR8EA768523
271,Lotus,Evora,2011,JTHBE1BL7D5714920
272,Porsche,Boxster,2009,5NPEB4AC5EH956228
273,Jaguar,X-Type,2005,1C4RJEAG2FC563801
274,Ford,Escort ZX2,2003,YV1672MC9DJ952852
275,Ford,E150,2007,WAU3GAFC5DN529546
276,Hyundai,Santa Fe,2006,WBAEB535X8C957909
277,Pontiac,Grand Prix,1999,3C4PDDEG2ET495277
278,Nissan,Sentra,1999,KMHHT6KJ5FU454129
279,Kia,Rio,2002,SCBFT7ZA5DC121510
280,Toyota,Matrix,2011,JN8AZ1MU2AW203245
281,Hyundai,Sonata,2002,WAUJFAFH5BN133491
282,Volvo,V70,1998,1G6DL5EG3A0370407
283,Dodge,Ram 1500 Club,2000,JTHBP5C22B5296092
284,Lincoln,Continental,1993,WAUSF78K19A634380
285,Ford,Escort,1989,1GYS4BEF2BR137021
286,GMC,Suburban 2500,1994,YV1612FS4E2556376
287,Nissan,Quest,2007,WAUMFBFL0BN293026
288,Honda,Pilot,2004,WAULT68E45A996215
289,Chevrolet,Lumina,2000,3C4PDCBB8FT191164
290,Mercedes-Benz,E-Class,2010,4T1BD1EB1EU808060
291,Pontiac,Grand Prix,2001,19XFB2E58FE950563
292,Subaru,Forester,1998,5NPDH4AE0BH341853
293,Mitsubishi,Starion,1987,19UUA8F78CA464235
294,Chevrolet,SSR,2005,5LMJJ2JT4FE845153
295,GMC,Canyon,2011,WAUDFBFC7CN686409
296,Toyota,Yaris,2010,JN8AZ2KR9BT341114
297,Volvo,XC70,2008,1GD11ZCG9CF884354
298,Chevrolet,Classic,2005,1YVHZ8AH7A5207169
299,Lexus,SC,2006,WBABD33414P645411
300,Scion,xB,2004,WVWAB7AJ7DW353949
301,Volkswagen,Golf III,1995,5TDDK3DC5FS451111
302,Buick,LeSabre,2003,SCFAD223X3K554782
303,Aston Martin,DB9,2009,WA1LMAFE0FD789174
304,Volkswagen,Cabriolet,1986,WAUUL78E38A705492
305,Jaguar,XJ Series,1997,WAUBH74F17N792517
306,Hyundai,Equus,2013,WA1UFAFL6DA742369
307,Mazda,Miata MX-5,1995,WAUDG94F16N244751
308,Dodge,Ram Van B150,1993,WBAGJ03491D554770
309,Toyota,Camry,2008,1GTN1TEH3FZ565379
310,GMC,Rally Wagon 1500,1993,YV1902FHXB2310075
311,Lotus,Esprit,2000,1N6AF0KY1FN432028
312,Dodge,Ram 1500,2008,WAUEFAFL3CA007595
313,Audi,90,1990,3VW117AU2FM312528
314,Mazda,MPV,1998,1GYS3FEJ2BR764820
315,Chevrolet,Camaro,1996,JH4DC53046S316076
316,Lexus,LX,2001,WA1YD54B22N322767
317,Ford,F-Series,1989,YV1902MC5F1646512
318,Acura,Integra,1996,5N1AN0NW3EN556702
319,Maserati,430,1990,1C3BC2FB0BN361324
320,Buick,Rainier,2004,JN1BJ0HR0DM710008
321,Ford,Mustang,1965,WAUEFAFLXBN219885
322,Ford,Aerostar,1986,1G4CU541354869415
323,Lotus,Esprit,1999,1FMCU0C73BK371888
324,Mercury,Sable,1991,3C3CFFAR9DT111087
325,Mazda,626,1999,2LMDJ6JK6FB483664
326,Pontiac,6000,1985,WAU2MAFCXEN769245
327,Eagle,Talon,1996,1GKS1AE03ER674588
328,Acura,Legend,1987,5J6YH1H35AL530572
329,BMW,5 Series,2003,1GYFC262X9R683642
330,Honda,Civic,1993,WAUBC48H85K377413
331,Lexus,CT,2012,1C4RDJAG5CC275816
332,Chevrolet,Impala,2004,4T3BK3BBXFU996480
333,Dodge,Ram 3500,1994,WBAEV53453K886549
334,Mazda,Familia,1988,3C63DPML1CG409288
335,Toyota,Camry,2005,WAUFFAFL8EA550626
336,Dodge,Ram 2500,2001,WAUVT68E84A956484
337,Chevrolet,Classic,2004,WDDGF4HB2DA057090
338,Mazda,Miata MX-5,1996,1FTSX2A59AE584135
339,Chevrolet,Camaro,2011,SCFEBBAC3AG451017
340,Mazda,Mazdaspeed 3,2007,JTEBU5JR8B5043414
341,Saab,900,1989,5UXFA53523L890014
342,Pontiac,Aztek,2004,1G6AU5S86E0123384
343,Kia,Sportage,2008,WBAFR9C5XCD385878
344,GMC,3500,1997,WBA3N9C56EF464129
345,Ford,F-Series,1989,WBALM5C56AE207189
346,Dodge,Neon,1995,1FMCU9E75AK908342
347,GMC,Sonoma,1994,JTDKDTB35D1340721
348,Ford,Escape,2009,WA1LMAFEXDD044445
349,Chevrolet,Silverado 2500,2006,3LN6L2G95ER403752
350,Buick,Reatta,1989,3TMJU4GN1BM475349
351,Aston Martin,V8 Vantage,2012,1G6DJ8E35D0455547
352,Mazda,CX-7,2011,1FTSW2A58AE155202
353,Saab,9-7X,2006,WBA3T3C52EJ576264
354,Volvo,S60,2005,1FTWW3DY7AE296565
355,Mercedes-Benz,E-Class,2007,SCFEDCAD6CG548868
356,Toyota,Truck Xtracab SR5,1989,WVWAB7AJ7DW166582
357,Mercedes-Benz,CLK-Class,2003,WVGAV3AX4EW702504
358,Mercury,Marauder,2003,1G4GA5GR4FF800699
359,Ford,Crown Victoria,2000,WBA3N5C58EK978290
360,Lexus,RX,2012,1G6DL8E31C0953995
361,Mitsubishi,Eclipse,1997,1G6DP8EV2A0716094
362,Toyota,Sequoia,2003,1FMJK1G55EE959239
363,Pontiac,Grand Am,2003,1D7RE3GK6AS956399
364,Volvo,S70,2000,WAUHFAFL3AA338249
365,Hyundai,Genesis Coupe,2011,KL4CJGSB9EB725541
366,Suzuki,Grand Vitara,2007,WA1AY74L18D486603
367,Ford,E350,2011,SCBFR7ZA7DC321481
368,Lamborghini,Murciélago LP640,2008,WA1YD64B35N797757
369,Toyota,Celica,1997,error: SQLite3::CorruptException: database disk image is malformed
370,Chevrolet,Venture,2004,1GKKRNED2BJ969159
371,Toyota,Land Cruiser,2005,WVWAN7AN7DE067342
372,Mazda,626,1996,1G6DV8EP3D0058832
373,Nissan,Altima,2012,YV1672MKXD2691376
374,Chevrolet,Cobalt,2005,3FADP0L3XBR451318
375,Kia,Rio5,2008,1GD322CG6EF584058
376,Jeep,Cherokee,1996,1GYS4FEJ3DR734273
377,Mercury,Tracer,1989,JN8AZ1MU1DW014526
378,Suzuki,Swift,2004,KMHHT6KD5BU297982
379,Chevrolet,Avalanche 1500,2005,5TDDK3DC2BS683126
380,Pontiac,Sunfire,1997,1G6DL5E33D0700922
381,GMC,Sierra 2500,2001,SCBLF44J57C147836
382,Mercury,Monterey,2004,1GKUCFDJ3AR005564
383,Audi,Quattro,1985,2C3CDXCT1FH411691
384,Aston Martin,V8 Vantage,2006,1D7RV1GT6BS853787
385,Bentley,Continental,2006,5J8TB3H38GL459522
386,Oldsmobile,Silhouette,1994,1GD02ZCG4BF778093
387,Hyundai,Tucson,2006,1G6KH5EY6AU471130
388,Ford,Bronco,1985,SAJWA6BC9F8009082
389,Ford,Thunderbird,1977,5NPEB4AC9CH751833
390,Volkswagen,riolet,1992,SAJWA4FC9EM052776
391,Nissan,Altima,1996,2G61R5S31E9341177
392,Chevrolet,Express 2500,2011,19UUA75638A330257
393,Lexus,SC,2008,WDDEJ8GB6AA906390
394,Mazda,626,1992,1G4HP52KX54212863
395,Lexus,SC,2004,WBSWD93579P133300
396,Land Rover,Freelander,2008,3GYFK12219G479959
397,Chevrolet,Astro,1992,WAULC58E53A870985
398,Dodge,Neon,1999,WAUKFAFL7DN964308
399,Cadillac,XLR,2006,19UUA65566A918331
400,Volvo,V70,2002,5GADX33L65D403938
401,Lexus,IS F,2008,WAUGGBFC1CN056993
402,Chevrolet,Suburban 2500,1997,JHMZE2H59ES424808
403,Dodge,Challenger,2012,KMHHT6KD5AU074940
404,Ferrari,FF,2012,1N4AB7APXDN290958
405,BMW,600,1958,1FTSW3B58AE511328
406,Dodge,Viper RT/10,1994,1N6AA0CC2EN249169
407,Nissan,Pathfinder,1998,JH4KA96571C147900
408,BMW,550,2006,JTDKTUD35ED213585
409,Audi,S5,2008,WAUAFAFL2EA424742
410,Mazda,MX-6,1997,5N1AT2MK4EC948230
411,Suzuki,Aerio,2007,1FTKR1AD3BP909119
412,Ford,F350,2009,1G6KE54Y11U890836
413,Mercedes-Benz,GL-Class,2010,TRUSX28N121134289
414,Mazda,MX-5,2009,WBANA53575B943793
415,Suzuki,Grand Vitara,2001,WBABW53404P948198
416,Volkswagen,Golf,1990,WAUHGBFC0DN518451
417,Audi,80,1990,WBAAW33461E683133
418,Mercury,Mountaineer,2003,1GTN1UEH8EZ188181
419,Volkswagen,Passat,1993,3MZBM1K75FM571399
420,Audi,4000s Quattro,1986,WA1WMAFP6EA804548
421,Land Rover,Discovery,2000,JN1CV6EK8FM889811
422,Mitsubishi,Galant,2010,JN1BY1APXFM368080
423,Pontiac,Bonneville,1992,WAUEV94F07N494199
424,Mazda,Tribute,2001,WVWED7AJ9BW889066
425,Hummer,H2 SUV,2006,WBA3A5C52EF908563
426,Lexus,ES,2002,1GKUKFDJXAR475741
427,MINI,Cooper,2002,JHMZF1C61ES536932
428,Toyota,Camry,2011,4JGDF2EE4DA455509
429,Jeep,Liberty,2012,JHMZF1C47CS519399
430,Dodge,Magnum,2005,1B3BD1FB1BN658011
431,Chevrolet,Monte Carlo,1998,1D7CW3BKXAS303018
432,Mercedes-Benz,CLS-Class,2012,1GTC5LF92C8412836
433,Dodge,Neon,1998,1N4AA5AP2CC299980
434,Lincoln,Mark VIII,1995,1G6DP5E39D0331665
435,Audi,TT,2005,1G4GJ5G3XDF289329
436,Mercedes-Benz,SLS-Class,2012,WP0AB2A90AS206187
437,Volkswagen,GTI,1991,2G4G15GV6B9449195
438,Chevrolet,1500,1992,WA1YD64B13N293818
439,Dodge,Charger,1999,5J6TF2H50DL055408
440,Porsche,Boxster,1997,SCBGC3ZA3EC210197
441,Ford,Explorer,1994,3C6TD4MT8CG894947
442,Lexus,ES,2007,1G6KA5EY4AU356840
443,Chevrolet,Silverado 3500,2004,5UXWX9C56D0153679
444,Chevrolet,Sportvan G20,1992,1G6AR5SX6E0981494
445,Ford,F350,2001,1G4HP54K33U881843
446,BMW,M3,2012,3D7TT2CT1AG836733
447,Toyota,Camry,2000,WAUDV74F59N963922
448,Mazda,MX-6,1992,5N1AA0NC2AN581084
449,Volvo,S80,2008,WVGAV7AX0CW092167
450,Subaru,Baja,2004,1G6DM5EG2A0380164
451,Nissan,Pathfinder,1996,3VWJX7AJ9AM445347
452,Buick,Regal,1989,5GAKVAED0CJ097311
453,Dodge,Ram Van B350,1992,WAUGL78E06A541337
454,Hyundai,Azera,2006,WBAEB53579C257685
455,Ford,Aspire,1995,1YVHZ8BH6C5662077
456,Suzuki,Grand Vitara,2008,WBAET37405N946758
457,Chevrolet,Cobalt,2005,1N4AB7AP6DN709209
458,Dodge,Ram Van 1500,1998,WAUSF78EX6A571138
459,Oldsmobile,Alero,2000,1G6AK5SX2D0505083
460,Chevrolet,2500,1992,1FTMF1EW9AK442264
461,Ford,Crown Victoria,2008,WBAHN03588D675768
462,Chrysler,Town & Country,1996,JN1AZ4EH0BM390290
463,BMW,Alpina B7,2007,JH4NA21693T536402
464,Buick,Skylark,1986,WBAKG7C56DJ232748
465,Dodge,Ram Wagon B250,1992,SALVP2BG4EH968465
466,Honda,Odyssey,2002,WAUVC58E65A986966
467,Mitsubishi,GTO,1994,1GD22XEG4FZ647759
468,Ford,Festiva,1988,1G6AE5S31D0141887
469,Toyota,Land Cruiser,1995,JN1BJ0HR0FM415039
470,GMC,Vandura 2500,1994,2C3CDYCJ4EH369763
471,Mercury,Grand Marquis,2000,1FMJK1JT7FE315136
472,Pontiac,Vibe,2010,WAUDT74F15N591978
473,Ford,Mustang,2004,3C4PDDDGXCT066242
474,Maserati,Karif,1990,KMHFC4DF7BA482109
475,Cadillac,CTS,2008,WAU4FAFL6CA642693
476,Chevrolet,Venture,1998,WAUHF78P06A546602
477,Chevrolet,HHR,2010,3D7TP2HT7AG071511
478,Isuzu,Hombre,1998,WBA3R5C5XFF373847
479,Mazda,626,2001,2HKRM3H3XCH270811
480,Nissan,Quest,1994,WBXPA93416W897238
481,Mercedes-Benz,S-Class,1994,1G6AG1RX4F0286193
482,Audi,Q7,2012,1G4HB5EM4AU321731
483,Ford,Explorer,1992,JTHFE2C21E2786244
484,Mercedes-Benz,M-Class,2012,1N6AA0CA6FN587500
485,Honda,Civic,1985,WA1DGBFE3DD408349
486,Chevrolet,Impala,1995,1GKLRKED7AJ773820
487,Hyundai,Accent,2005,WAUMF78K69A781108
488,Lincoln,LS,2006,WA1TFAFL9EA252666
489,Dodge,Ram 3500,2007,2G4WF551431971353
490,Volkswagen,Corrado,1993,1B3CC4FB3AN184912
491,Porsche,911,1990,2G4GN5EK0C9816462
492,Mitsubishi,Tredia,1985,1GD322CG7EF594016
493,Dodge,Dakota,2000,3D73Y4CL5BG949647
494,Chevrolet,Corvette,2009,3C63D3EL9CG980387
495,Lincoln,Continental Mark VII,1988,WBAEK134X6C734878
496,Mercedes-Benz,CLK-Class,1998,1N6AF0LY1FN997958
497,Aston Martin,DB9,2007,WDDHF0EB8EA087486
498,Lexus,GX,2003,WAULT68E53A366927
499,Cadillac,DeVille,1996,WUADU98EX8N434776
500,Honda,Odyssey,1995,WBAFR7C54CC449780
501,Lexus,IS-F,2011,1FTEX1CM4BF325284
502,Toyota,Prius Plug-in,2012,WBANA53504B518494
503,Ford,Mustang,1971,3VWML7AJ3EM172517
504,Mitsubishi,Lancer,2006,5N1BA0ND5FN587160
505,Cadillac,DeVille,2002,WBAFU7C59BD765554
506,Toyota,Tacoma,1995,SCBBP9ZA7DC339365
507,Toyota,Land Cruiser,2001,YV4852CTXA1097948
508,Mercedes-Benz,CL-Class,2002,5TDBCRFH6FS639765
509,Mercury,Grand Marquis,2002,JTHCL5EF4F5313674
510,Maserati,Spyder,2004,2T1BU4EE1CC240533
511,Mercedes-Benz,M-Class,1999,WBAFR9C59BD606109
512,Infiniti,FX,2011,WBAWL73518P254057
513,Acura,NSX,2005,2G4GU5GV9C9414885
514,Mercury,Sable,2009,WBAVC73537K233850
515,Lamborghini,Murciélago,2003,2G4WD582181749533
516,Mercury,Mountaineer,2009,WAUBF98E38A419264
517,Pontiac,Gemini,1989,JH4CL968X6C425687
518,MINI,Cooper,2003,JN1CV6EK1BM093525
519,Pontiac,Sunfire,2000,YV140MEA1F1734105
520,Ford,C-MAX Hybrid,2013,2FMHK6DT6AB099923
521,Subaru,Legacy,1995,JTDZN3EU9EJ406852
522,Maserati,GranTurismo,2011,KNAFU6A22A5989244
523,Lexus,RX,2003,1G4GL5E3XCF531726
524,Toyota,Paseo,1996,3C3CFFFH0ET760407
525,Saab,9-5,2007,JHMZF1D44DS061952
526,GMC,1500 Club Coupe,1999,1FTEX1CM3BF884177
527,Oldsmobile,88,1997,19UYA42763A534444
528,Saturn,Sky,2008,WBAVS13538F180738
529,Audi,100,1992,WBABD334X6J334565
530,Subaru,Justy,1988,WAULFAFR0EA988810
531,Kia,Sorento,2005,WBAWV53597P250500
532,Mitsubishi,Pajero,1988,1G4GE5E33CF238406
533,Mercury,Villager,1997,WA1CYAFE3AD844035
534,Chrysler,Town & Country,2001,WAUHFAFL4CN265663
535,Lincoln,Mark VIII,1997,JN1CV6AP2AM425133
536,Suzuki,XL-7,2008,1GYS4BEF0DR883129
537,GMC,Sierra 2500,2001,WAUKF98E58A225853
538,Pontiac,Grand Prix,1981,1G6AJ5S34D0283338
539,Eagle,Vision,1994,WAUFFBFL9AN819743
540,Buick,Terraza,2006,1HGCR2F36DA785898
541,Austin,Mini,1959,SCFEBBBC3AG832266
542,Mazda,Mazda6,2006,JM3KE2BE6E0995087
543,Chevrolet,Aveo,2007,1GD02ZCG3EF664087
544,Chevrolet,S10 Blazer,1993,1HGCP2F38BA521150
545,Ferrari,430 Scuderia,2009,5TDDK3DC5DS283922
546,Bentley,Arnage,2005,JM1CW2BL0E0786162
547,Mitsubishi,Mirage,1991,JN8AF5MV1FT663739
548,Ford,F250,1995,1G6DZ67A380546203
549,Suzuki,Forenza,2006,2G4WF551X31924733
550,Acura,Legend,1992,JM1NC2MF5E0838538
551,GMC,Yukon,2013,3GTXKYEJ6AG194782
552,Audi,A4,2009,WAUSFAFL8AA849168
553,Dodge,Magnum,2005,JA32X2HUXEU049549
554,Volkswagen,Tiguan,2010,SCBGH3ZA7EC344924
555,Buick,Terraza,2005,4JGDA2EB4DA792735
556,Buick,Skyhawk,1989,WBAUC9C58BV374802
557,Toyota,Camry Hybrid,2008,WAULT68E82A467460
558,Lexus,SC,1995,JHMZF1C48BS896645
559,Volvo,XC60,2010,2C3CA4CD4AH935135
560,GMC,Sonoma Club Coupe,1994,2D4RN1AG3BR725954
561,Mercedes-Benz,300CE,1992,WDDUG7JB9FA065184
562,Chevrolet,Express,2009,1G6DX67D890368502
563,Nissan,350Z Roadster,2006,WP1AA2A25BL882082
564,Toyota,4Runner,2004,1D7CE3BK8AS613509
565,Cadillac,DeVille,2002,SCFAD02AX6G891978
566,Chevrolet,Tracker,2003,2G4WD582591359777
567,GMC,Yukon XL 2500,2002,WBSCL93461L770445
568,GMC,Rally Wagon G3500,1995,WA1LGBFE8FD835783
569,Pontiac,G6,2007,1G6AY5SX3E0710959
570,Buick,Century,2003,JN1AZ4EH3DM773093
571,Lexus,LS,2011,WAUEH98E76A859055
572,GMC,3500 Club Coupe,1996,WBABN33443P092376
573,Oldsmobile,88,1995,WA1LGBFE0ED114226
574,Oldsmobile,98,1994,WA1C8AFP0EA598666
575,Bentley,Continental GT,2010,3C63DRHL2CG763472
576,Chevrolet,Corvette,1955,19UUA9F27BA962998
577,Oldsmobile,88,1992,5TDDK3DC9BS859895
578,Dodge,Ram 1500,2002,JH4CU2F87DC985264
579,BMW,X5,2004,JHMZF1C48BS429239
580,Mercedes-Benz,SLK-Class,2000,W04GS5EC2B1173471
581,Chevrolet,Cobalt SS,2009,1C4RDHEG4CC212645
582,Saturn,Outlook,2008,5N1AT2MLXFC468977
583,McLaren,MP4-12C,2012,5N1BA0NC6FN143034
584,Honda,Pilot,2002,WAUBFAFL4EN954644
585,Ford,E-Series,1990,KNADM4A33E6387652
586,Land Rover,Range Rover,1986,SALAB2D48BA686964
587,Audi,90,1990,3D7LT2ET8BG519868
588,Ford,Explorer Sport Trac,2008,3D73Y4HL1AG746598
589,Lotus,Exige,2010,WAULH54B71N104128
590,Mercedes-Benz,M-Class,2010,1N4AA5AP9BC760607
591,GMC,Suburban 2500,1994,2D4RN5DG2BR421226
592,Volkswagen,rio,1998,WAUMFBFLXDN891059
593,Bentley,Continental GTC,2009,1N6AA0CJXFN271582
594,Kia,Optima,2012,19UUA9F2XBA405485
595,Plymouth,Neon,2001,WBSDX9C56DE367897
596,Porsche,911,1999,WA1AY74L88D520911
597,Volkswagen,Jetta,1991,1GKS1EEF4ER910855
598,Mercury,Topaz,1987,JN8AF5MR8CT861149
599,Chevrolet,LUV,1979,1ZVBP8AM0D5335947
600,Buick,Roadmaster,1996,WA1AY74L07D111302
601,Mitsubishi,Precis,1992,WBA8Z5C5XFG536237
602,Nissan,Rogue,2010,1GYS3FEJ0BR235737
603,Chevrolet,Avalanche 1500,2006,1G6DP1ED5B0157088
604,Oldsmobile,Silhouette,2004,1FTMF1CW4AF792462
605,Mitsubishi,Galant,1993,1N6AD0CW0FN242269
606,Ford,Escort,1994,1J4PR4GK4AC737294
607,Volvo,V50,2010,SCBLF34F92C841430
608,Buick,Coachbuilder,1992,1GYFK53239R224672
609,Dodge,Ram Van B150,1993,5N1AA0NC4FN015029
610,Volvo,V90,1998,1G6DV8EP7C0583875
611,GMC,Yukon XL 1500,2013,WAUDF78E98A300549
612,Ford,Freestyle,2006,5N1AL0MM9DC424284
613,Mazda,MPV,2004,1HGCR2E57DA413229
614,Ford,Econoline E150,1996,1G4HR57Y76U340227
615,Subaru,Tribeca,2012,19UUA656X4A280879
616,Volkswagen,rio,2002,1G6DT57V690570947
617,Dodge,Viper,1994,1G6KE57Y11U917013
618,Infiniti,FX,2006,WDDHF2EB1CA317006
619,Buick,LeSabre,1986,JM1DE1KY8C0673263
620,Bentley,Brooklands,2009,1G6DL67A980895416
621,Ford,Aspire,1996,1GYS3GEF4DR708138
622,Chevrolet,HHR,2010,3C3CFFERXFT371902
623,Isuzu,Trooper,1992,2C3CDZAT3FH950330
624,Chevrolet,S10 Blazer,1992,WAUA2AFD4DN187876
625,Kia,Carens,2007,WAUDFAFL5AA250527
626,Chevrolet,Cavalier,1993,3GYFNAE38CS117207
627,Chevrolet,Aveo,2005,JTDKDTB36E1612467
628,Ford,Thunderbird,1977,4JGCB2FB1AA352992
629,Maybach,57,2008,KMHGC4DD9DU036015
630,Land Rover,Range Rover,1990,19UUA66214A026053
631,Honda,Odyssey,2005,3N1AB6AP7CL260158
632,Toyota,4Runner,2000,WAUVC58E44A448877
633,Chevrolet,S10 Blazer,1992,1GYS3AEF0CR049048
634,Chevrolet,Blazer,1995,JTDKN3DP2C3372994
635,Kia,Sportage,1997,5UXXW3C52F0951264
636,Volvo,850,1994,1G6DT57VX90282462
637,Mitsubishi,Galant,1999,JH4KB16507C438570
638,Plymouth,Grand Voyager,2000,1GYS4AEF1CR498459
639,Lincoln,Mark VII,1984,5FPYK1F59EB020771
640,BMW,7 Series,1999,WBAUN9C57AV337524
641,Volkswagen,GTI,2001,WDDGF4HB9DG620813
642,Toyota,Venza,2009,WP0AA2A93BS576294
643,Lamborghini,Countach,1987,1D7CW7GP3AS868495
644,Volkswagen,rio,1997,WBA3B1C57DF485435
645,Ford,Mustang,2005,1G6AR5SX4F0338420
646,Toyota,Highlander,2012,JN8AS5MT1CW050265
647,Ford,E-Series,2003,5LMJJ3H52CE259396
648,Volvo,XC90,2011,WAULT58E55A507346
649,Porsche,911,1990,5GADX23L55D804147
650,Dodge,Journey,2012,3D7TT2CT3AG577694
651,Dodge,Ram 2500,1997,JTJBJRBZ0F2511210
652,Mazda,626,1983,KMHCT4AE3EU318115
653,Pontiac,Sunfire,1999,5UXFG4C51AL038565
654,Honda,Insight,2001,2FMPK3K9XFB712571
655,Dodge,Ram Wagon B350,1993,5FNRL5H29EB313977
656,Cadillac,Eldorado,2000,1GT022CG8EF455732
657,Chevrolet,Tahoe,2004,WAUKF78E08A906748
658,BMW,745,2004,1G6DW6EDXB0455779
659,Audi,A6,2001,1G6DA5EG5A0905646
660,Mitsubishi,Endeavor,2009,WA1YD54B94N854469
661,Jeep,Cherokee,1994,1GTCSBD91A8827441
662,Volvo,C30,2008,3VW517AT3FM208669
663,Hummer,H1,1999,WDBSK7AA0CF925428
664,Toyota,Camry,2011,5BZAF0AA6EN466455
665,Chevrolet,Malibu Maxx,2006,3N1AB7AP5FL886706
666,Alfa Romeo,164,1995,JM1GJ1T64F1318353
667,Volkswagen,Tiguan,2009,1D7RB1CPXAS908869
668,Audi,A8,2000,3GYFNAE39DS426430
669,Toyota,Sequoia,2001,19UUA65504A662331
670,Mercedes-Benz,CLK-Class,2007,5FRYD3H20GB015770
671,Honda,Accord,2002,JN8AE2KP1E9716568
672,Chrysler,Sebring,1997,3VWPG3AG9AM558707
673,Acura,MDX,2001,3D73M4EL1AG315923
674,Mercedes-Benz,SLR McLaren,2009,2G4GR5GX4E9588935
675,Subaru,Outback,2006,WAUGL78E25A666581
676,Acura,MDX,2005,NM0GE9E71F1938292
677,Volkswagen,Jetta,1993,3VW507AT6EM868478
678,Isuzu,Ascender,2003,1N6AA0CC4EN615035
679,Chevrolet,Malibu,2001,1G6DK1E39D0735699
680,Mitsubishi,Lancer,2003,WAULVBFR5CA382294
681,Jeep,Wrangler,2008,JN1BJ0HR3FM230337
682,GMC,Yukon,1997,1D7RB1GKXAS453407
683,Plymouth,Neon,1999,2C4RDGDG4DR656287
684,Mercury,Grand Marquis,2000,JN1CV6FE4CM870418
685,Ford,Bronco II,1988,SALSF2D49DA905961
686,Infiniti,I,2001,WP0CA2A8XBU003512
687,Toyota,Camry,2010,WA1BY94L17D618841
688,Saab,9-5,2008,1G6AJ5S31F0835462
689,Maybach,62,2006,3N1AB7AP3FY433929
690,Mazda,Protege,1995,5GAKVBKDXEJ264416
691,Buick,Rendezvous,2007,2G4GU5GX1E9625695
692,Buick,Skylark,1987,WBAUN9C50AV401578
693,Mercedes-Benz,SL-Class,1990,1GYEE23A990958990
694,Mercedes-Benz,E-Class,1996,WVWAA7AH8AV711156
695,Audi,TT,2001,1G6DL5EY9B0753777
696,Buick,Regal,1989,JM1CR2W37A0297057
697,Ford,Explorer,1992,WBABD33496J823586
698,Chevrolet,Silverado 1500,2006,3VW1K7AJ2DM780646
699,GMC,Jimmy,1997,JTDKDTB30E1883959
700,Nissan,Titan,2010,WAUVC58E52A810860
701,BMW,M3,2012,3VW467AT2CM979004
702,GMC,Safari,2004,JN8AE2KP5F9081193
703,Ford,Bronco,1984,5TDDK3DC7FS811723
704,BMW,1 Series,2010,1G6AB5R36D0219658
705,Mitsubishi,Space,1984,1GYUKJEFXAR410360
706,Audi,S8,2006,1G6AD5S33D0170746
707,Land Rover,Discovery Series II,1999,TRURD28NX61306803
708,Toyota,Supra,1993,KL4CJDSB3EB496045
709,Mitsubishi,Galant,1990,WBSPM93579E960066
710,Ford,Explorer Sport Trac,2010,1G4GH5E38CF815082
711,Audi,A8,2005,JM3TB2MA1A0246845
712,Mitsubishi,Pajero,2006,2T1BU4EE6DC399470
713,Dodge,Ram 3500,2010,4T1BK1EB0FU329085
714,Infiniti,QX,2004,3VW1K7AJ0FM860336
715,BMW,7 Series,1999,WBAYA8C54ED029746
716,Dodge,Ram Van 1500,2003,KL4CJDSB8EB964609
717,Pontiac,Bonneville,2000,1D7CE3BK4AS132091
718,Chevrolet,Express 2500,2005,WAUKGAFB0BN456229
719,BMW,5 Series,2002,WBA3R1C54FK814498
720,Chrysler,Town & Country,2006,WBA4B1C54FG185644
721,BMW,X6,2008,1N6AF0LY0FN259231
722,Ford,Explorer,2005,WBAEV33404K500089
723,Ford,Crown Victoria,2004,SAJWA4FB4CL712989
724,Maserati,GranSport,2005,JTEBU5JR8D5485113
725,Oldsmobile,Cutlass,1997,YV1382MS2A2105622
726,Aston Martin,V8 Vantage,2007,WAUDG78E26A290196
727,Dodge,Ram Wagon B250,1993,JN8AZ2NCXC9523975
728,Ford,Mustang,1985,2C3CDYBT6CH354097
729,Audi,A8,2009,4JGBF2FB1AA672958
730,Ford,Fiesta,2012,SALCT2BG0FH884714
731,Oldsmobile,Intrigue,2000,3C3CFFERXDT941961
732,Suzuki,SJ,1993,SALVP1BG0EH214294
733,MINI,Cooper Clubman,2010,SALCT2BG3FH783151
734,Chevrolet,Silverado 3500,2011,1C4SDJCT9EC058963
735,Dodge,Grand Caravan,2005,1D4PT7GX0AW371596
736,Cadillac,Eldorado,2001,1G6AU5S81E0860847
737,Lexus,IS-F,2009,WBAVM5C59EV616933
738,GMC,Savana 1500,1996,1C4SDJCT8FC466162
739,BMW,X5,2013,SALSF2D43DA995950
740,Dodge,Ram Van 3500,2001,2B3CK3CV5AH402403
741,Jaguar,XK Series,2004,1GD22XEG3FZ980776
742,Lincoln,MKT,2010,3VWF17AT8FM413442
743,Cadillac,SRX,2007,WA1CGAFE8ED510141
744,Dodge,Sprinter,2008,1GD02ZCG4CF626753
745,Renault,Alliance,1983,WBAWC73539E376366
746,Mazda,RX-7,1995,1C3CDFCB7FD196767
747,Toyota,Previa,1997,WA1LMBFE2AD086612
748,Buick,Rendezvous,2002,WBA3B9C5XFJ584118
749,Suzuki,Swift,1994,1G4GB5GR6FF641438
750,Bentley,Azure T,2010,SCFAB22372K130660
751,Dodge,Dakota Club,2002,SAJWA6FC8E8424385
752,Toyota,Camry,2001,SCFEBBAKXCG342497
753,Mazda,MX-3,1994,WAUDF98E58A416245
754,Ford,Mustang,1993,3C63D3GL1CG675401
755,Mercedes-Benz,SL-Class,1985,WAUKD98PX7A685645
756,Mercury,Mountaineer,1997,1GKUKFDJ7AR035959
757,Buick,Regal,1996,WBAUC9C59CV145806
758,Mitsubishi,Galant,2002,1B3BD1FB7BN975906
759,Toyota,T100,1994,1N6AD0CU7BC541312
760,Chevrolet,Vega,1971,1N6AA0CA9FN039801
761,Nissan,NV2500,2012,SCBGC3ZA7EC022976
762,Chevrolet,Astro,1992,JA32X2HU4DU355595
763,Mercury,Milan,2006,SCFBB03B87G123340
764,Land Rover,Discovery Series II,1999,WBAUT93579A522438
765,Chevrolet,Corvette,1996,TRUDD38J291724533
766,Studebaker,Avanti,1964,WAUHGBFC6CN668983
767,Land Rover,Defender 110,1993,5FNYF3H29AB365272
768,Isuzu,Rodeo,2004,1C6RD6FP0CS007548
769,Isuzu,Hombre,2000,WBAWC33527P378135
770,Eagle,Premier,1992,3GTU1YEJ1DG455939
771,Mercedes-Benz,SL-Class,2004,WBXPC9C44AW773029
772,Honda,Odyssey,2010,JN1BY1PP8FM176972
773,BMW,X5 M,2010,2C3CA9CT7AH437676
774,Lexus,GX,2010,1N4AA5AP7CC966560
775,Infiniti,QX56,2008,1FTEW1E89AF041246
776,Volkswagen,Tiguan,2012,19UUA8F27DA823371
777,Buick,Park Avenue,2003,4T1BF1FK8EU428383
778,Lexus,LS,1997,WBA5M4C57FD260001
779,GMC,Savana,2006,WBANV13588C520507
780,Volkswagen,Eurovan,1999,SCFFDCBDXBG902859
781,Jaguar,XJ Series,1999,WAULD54B14N433746
782,Isuzu,VehiCROSS,2001,1N6AA0EK8FN118673
783,Saturn,S-Series,2002,3C63DRJL0CG732991
784,Toyota,Highlander,2012,1GTN1TEX9DZ514151
785,Ford,Focus,2013,WAUVC68E43A867378
786,Saab,9-7X,2008,WBA3B9C59DF413179
787,Chevrolet,S10,1997,3C3CFFDR2DT125036
788,Isuzu,i-290,2007,WA1DVAFE6AD418823
789,Dodge,Ram 1500,1996,WAUDFAFL0EN807021
790,Volkswagen,Cabriolet,2000,WBA3C1G56EN320846
791,Kia,Sportage,1997,1G6AJ5SX8F0641594
792,Kia,Spectra,2007,KMHCM3ACXBU063061
793,Buick,Regal,2004,WBAPK5C54BF015630
794,Volkswagen,Passat,1998,1G6KD57Y57U338618
795,Jaguar,XJ Series,1997,WA1LGBFE5ED345011
796,Lexus,LX,2006,2C4RVAAG7CR149607
797,Kia,Spectra5,2006,1LNHL9EK7FG031783
798,Pontiac,Montana,2003,5NPEB4AC6CH131733
799,Cadillac,Escalade,2009,5FRYD3H9XGB315703
800,Mazda,CX-9,2010,5TFCW5F17DX577923
801,BMW,7 Series,2011,WAULD54B93N733338
802,GMC,Canyon,2008,1FTSF3A57AE197110
803,Honda,Passport,1998,ZFBCFABH4FZ026340
804,Buick,Rendezvous,2007,JHMFA3F27BS310430
805,Dodge,Caravan,1999,1FTWW3A58AE107321
806,Mercedes-Benz,Sprinter 3500,2012,19UYA427X1A389423
807,Maserati,GranTurismo,2010,1G6DV5EP7E0046053
808,Honda,Accord,2002,1FMJK1FTXFE387568
809,Dodge,Ram Van B350,1994,1GKS1CKJ4FR250444
810,Pontiac,LeMans,1990,1G6DM1E36C0807824
811,Suzuki,Swift,1996,3C3CFFJH6ET451452
812,Chevrolet,Astro,1992,1FTWW3B5XAE411037
813,Lexus,GS,2003,WBADN53432G429302
814,Buick,LeSabre,1997,JTDKDTB34E1693467
815,GMC,Sierra 1500,2001,3FAHP0JA3AR780105
816,Mitsubishi,Sigma,1989,1N6AA0CA0BN726725
817,Mitsubishi,Space,1984,JH4NA21665S535586
818,Chevrolet,Volt,2011,1GKS1AE00BR644248
819,Isuzu,Amigo,1993,JHMGE8G33DC647817
820,Audi,R8,2011,19XFB4F23DE197747
821,Hummer,H1,2001,JTEBU5JR0F5122808
822,Chevrolet,Camaro,1997,2C3CA2CVXAH755574
823,Chevrolet,Tahoe,2013,WBAKE5C50CJ409125
824,Nissan,GT-R,2010,WAUUL98E06A987373
825,Ford,Excursion,2005,ZFBCFABH4FZ040917
826,Mazda,Mazdaspeed 3,2007,WAUDF78E98A718495
827,Nissan,Altima,2008,WBA1M1C51FV715481
828,Audi,4000s,1985,WAUJC58E14A676429
829,Land Rover,Range Rover Sport,2008,WDDGF4HB9CA391955
830,Mercury,Mystique,1999,KNAFU6A23D5540935
831,Jensen,Interceptor,1967,2CTALBEW4A6171917
832,Plymouth,Breeze,1996,WBANE53597C521235
833,Mercury,Villager,1996,1N4AB7APXDN718074
834,Cadillac,Escalade EXT,2006,WVWED7AJ5CW227048
835,Smart,Fortwo,2011,5J8TB4H36DL655900
836,Chevrolet,Aveo,2006,JTEBU5JR8D5477237
837,Chevrolet,Corvette,1975,2C3CCAGGXEH052627
838,Nissan,Pathfinder,2012,1N6AA0CH2FN013294
839,Mazda,626,1997,4T3BA3BB0FU738777
840,Cadillac,Escalade,2005,1FTEW1CW7AK536554
841,Infiniti,G37,2009,3D73M3CLXBG370689
842,Toyota,Venza,2009,1FMJU1H56AE215006
843,Saab,9-5,2001,3C4PDDDG5FT589270
844,Volkswagen,Eos,2011,WAUAF98EX5A599477
845,Buick,LeSabre,1999,JTDKTUD3XDD920079
846,Mercury,Mountaineer,2009,5NPET4AC1AH113974
847,Chevrolet,TrailBlazer,2003,3GYFNGE33FS813366
848,Toyota,4Runner,1993,1G6KE54Y15U423826
849,BMW,3 Series,1996,19UUA65566A196746
850,Mercury,Sable,1989,KMHGN4JE5FU474363
851,GMC,Savana 3500,2002,WBAAV33411E387102
852,Isuzu,i-Series,2008,WBA6B2C51FG232076
853,Ford,Mustang,1984,1FTWX3A51AE410891
854,Dodge,Ram 1500,2010,WBANF33537B009526
855,Mazda,MX-5,2011,SCFAB01A56G576996
856,Lincoln,Town Car,1995,WBAUP7C51CV604044
857,Hyundai,Excel,1994,1G6DD8E37E0006959
858,Mercedes-Benz,S-Class,2006,WBAEV334X3P324671
859,Mercedes-Benz,400SEL,1993,3GYEK63N13G884227
860,Mercedes-Benz,S-Class,2002,2G4GN5EX1E9885126
861,GMC,Envoy XUV,2005,SCBBR9ZAXDC645731
862,Maserati,GranTurismo,2011,1FAHP3DN0AW609633
863,Mercedes-Benz,E-Class,2003,1FTEW1CM0EK424795
864,Chevrolet,Corvette,2001,WAUCFAFC3FN950414
865,Mazda,Miata MX-5,2003,1FMJU1H53AE888092
866,GMC,1500 Club Coupe,1997,KMHGH4JF4BU206897
867,Ford,Explorer Sport,2002,WBAGH03481D470077
868,Porsche,911,2006,3FAHP0CGXBR348212
869,Chrysler,300,2009,1GYS3AKJ6FR855408
870,Infiniti,J,1995,SCFAD01A56G769269
871,Mitsubishi,Lancer,2002,WAUWFAFH8DN400082
872,Mercury,Marquis,1985,1N6AF0KY4EN003433
873,BMW,X3,2007,3D7TT2CT8BG408255
874,Chrysler,Concorde,2000,5FRYD4H64EB308948
875,Dodge,Ram Van 1500,2001,5J6TF1H36BL657767
876,Mitsubishi,Pajero,2005,WDDHF7GB8EB530011
877,Lotus,Exige,2009,5LMJJ2H54BE703399
878,Audi,A8,2004,WAUEH78E87A250725
879,Lexus,ES,1999,2HNYD2H34CH874945
880,Kia,Sportage,2012,SAJWA4DB6EL137848
881,Hyundai,Genesis,2011,1C3CDZCB8CN834757
882,Buick,Electra,1990,2G4WE587371857885
883,Mercury,Grand Marquis,2011,WBA5M4C58FD248133
884,Chevrolet,Venture,1997,WAUEFAFL8BA816217
885,Toyota,T100,1996,1G6DG8EG0A0999581
886,Chevrolet,S10,1995,19VDE1F5XEE284661
887,Land Rover,Freelander,2003,3GYVKLEF7AG955769
888,Ford,Contour,1999,1G6KD57YX1U303984
889,Cadillac,STS,2011,WA1LGBFE4BD564201
890,Kia,Rondo,2009,WBACN53441L905395
891,Lexus,SC,2005,1FTEX1EW2AK322212
892,Kia,Sorento,2003,1FTSW3B57AE749056
893,Honda,CR-V,2004,5UXZV4C53CL913196
894,Honda,Fit,2011,WDCGG5GB4CF118109
895,Nissan,Pathfinder,2008,2LMDJ6JK1DB881054
896,Acura,RL,1998,2C3CCAET1CH304570
897,GMC,Savana 2500,1998,WBAUN93589V519244
898,Volkswagen,Eurovan,1992,1FMCU0F74FU216613
899,Buick,Park Avenue,1997,JTEBU4BFXEK993486
900,GMC,3500,1992,WAUNG74F19N607711
901,Kia,Amanti,2005,5J8TB1H57CA785775
902,Toyota,T100,1998,JTHFE2C20F2050753
903,Audi,A8,2002,3N1AB6AP8CL913385
904,Porsche,911,2002,2HNYD18675H653394
905,Dodge,Ram 1500 Club,1996,1G6DL8EYXB0488966
906,Chevrolet,Avalanche,2006,JTHCL5EFXF5220755
907,Volkswagen,Eurovan,1997,WA1BY74L38D637882
908,Chevrolet,Express 3500,2002,YV4902BZ4E1017350
909,Volkswagen,Golf,2004,5BZBF0AA6EN526836
910,Infiniti,G,1994,JTDKTUD31DD702435
911,Ford,Ranger,1998,5TDDK3DCXBS872915
912,Ford,Escape,2002,KL4CJCSB2EB030696
913,Saab,9-5,2004,1N6AA0CH9DN256873
914,Jaguar,S-Type,2008,3D4PG7FG5BT620410
915,Dodge,Ram Wagon B350,1992,1GYS4AEF2DR363072
916,Porsche,Boxster,2001,1G6DM5E39D0407961
917,Pontiac,GTO,1967,JHMGE8G28AC358872
918,Buick,Rainier,2006,WBA3N7C57FK733056
919,Buick,LeSabre,1985,JN8AE2KP9C9577612
920,BMW,Z4,2008,2T1BPRHE8EC757864
921,Ford,Escort,1992,1LNHL9DR0BG458747
922,Kia,Sorento,2009,JN8AZ1MUXCW492152
923,Kia,Sportage,2000,1N6AD0CU5FN029655
924,Mitsubishi,Starion,1985,JN1CV6EK3EM691359
925,Dodge,Dakota Club,1999,JN1CV6EK1DM102887
926,Ford,Explorer Sport Trac,2001,WBALL5C51EJ978692
927,Audi,V8,1992,JA32X2HU5EU844623
928,Audi,90,1995,WAUDH98E46A030259
929,Chrysler,Town & Country,2011,4A31K5DF0CE329182
930,Acura,RSX,2004,WAU2GAFC6CN882940
931,Infiniti,FX,2006,3D73Y4CLXBG789927
932,Isuzu,i-370,2008,WAUHF78P17A909989
933,BMW,545,2004,1G4GA5ER5DF086453
934,Volkswagen,Rabbit,2010,WBAEV33495K772397
935,Bentley,Continental GT,2008,1FTMF1EW8AF315899
936,Ford,Festiva,1993,1FTWW3A56AE693226
937,Chevrolet,Colorado,2004,WAUCFAFH2AN727852
938,Chevrolet,Colorado,2009,1GYFC33299R575801
939,Pontiac,Bonneville,1996,1GKS1CKJ4FR523592
940,Toyota,Camry,2008,4T1BF1FK6CU843876
941,Mitsubishi,Montero Sport,2001,1G6DH577990642498
942,Chrysler,200,2011,WBAVC73597A739446
943,BMW,M3,2012,1NXBU4EE0AZ750089
944,Pontiac,Torrent,2009,19XFA1E37AE769264
945,Saturn,Aura,2007,JM3KE2BE7E0972451
946,Mercury,Grand Marquis,2005,5J8TB4H5XGL549603
947,Lexus,LS,1990,5GADV23WX7D106040
948,Toyota,Tundra,2009,WA1LFBFP8BA990138
949,Buick,Skyhawk,1984,WA1CGBFE3ED952136
950,GMC,Yukon XL 1500,2013,3GYFNHE36DS085853
951,Cadillac,DTS,2009,SAJWA4EC3CM251398
952,Mazda,RX-8,2010,WAUVT68E95A480635
953,Hyundai,Excel,1992,WBA6B2C53ED410571
954,Mercury,Cougar,1968,5J8TB3H57GL249849
955,Pontiac,6000,1986,1ZVBP8JS3A5822800
956,Porsche,Cayman,2010,4T1BF3EK7AU740931
957,Cadillac,Escalade EXT,2004,3VW217AU6FM142386
958,GMC,Yukon XL 2500,2001,1G6DK8E3XD0530286
959,Chevrolet,Sportvan G20,1994,WBA3T1C52FP997565
960,Spyker,C8 Spyder,2004,WAUJF98KX9N563664
961,Mitsubishi,Eclipse,1996,19XFA1E52BE356851
962,Pontiac,Gemini,1988,3N1CE2CP0FL361570
963,Cadillac,Escalade ESV,2009,5BZAF0AA1EN890951
964,Dodge,Ram 2500 Club,1999,1ZVBP8AM8E5012067
965,Pontiac,6000,1987,5NPE24AF0FH525565
966,Oldsmobile,Alero,2003,5UXFG43528L481799
967,Audi,A5,2009,1GYS4NKJ1FR303934
968,Isuzu,VehiCROSS,1999,WBAPH57519N117167
969,Chevrolet,Caprice Classic,1996,1G6DZ67A980788817
970,Chrysler,Town & Country,1995,1VWAS7A31FC107465
971,Lamborghini,Gallardo,2009,WAUMGAFL1AA264843
972,Kia,Sorento,2003,WA1DGAFE6DD446023
973,Suzuki,Daewoo Magnus,2005,WAUEFAFL2EA543523
974,Buick,Century,1991,4T1BF1FK8EU003505
975,Scion,xB,2006,JH4CU2E82CC468325
976,Chrysler,Pacifica,2006,1GYFK53289R630379
977,BMW,3 Series,2012,WVWAB7AJ5CW598361
978,Chevrolet,Tracker,2004,JN1CV6EK9DM354872
979,Volvo,V70,2007,5N1CR2MN8EC266744
980,Pontiac,Fiero,1986,WA1DKAFP7CA660406
981,Lexus,ES,2011,WBAXH5C50DD259899
982,Land Rover,Discovery,2001,1G6DH5EG0A0412890
983,Saturn,VUE,2004,JN8AS5MT9FW120700
984,Ford,Thunderbird,1990,1N6AA0ED4FN080974
985,Mazda,MX-3,1994,KL4CJDSB0FB875487
986,Lexus,LS,2009,3D7JB1EK8AG000877
987,GMC,Savana,2009,2FMGK5C86FB283740
988,Chevrolet,Express 3500,2002,WBAVT13536K626498
989,Pontiac,Sunfire,2000,1N4AL3AP8EC812828
990,Dodge,Ram Van B150,1992,1G6AF5S38E0461349
991,Chevrolet,G-Series 3500,1997,WAURFAFR7AA467801
992,Saab,900,1991,WAUKH78E67A177289
993,Isuzu,Hombre,1998,2HNYD18963H330557
994,Jaguar,XK Series,2004,3VW4A7AT0DM086362
995,Ford,F-Series,2004,JH4CL96896C459524
996,Dodge,Neon,2002,SALGR2VF4FA649857
997,Kia,Carens,2009,1FTEX1CM7DF883195
998,Chevrolet,Prizm,1999,3D7TP2CT9AG067547
999,Cadillac,Seville,1999,WBAVD33506K662576
1000,Bentley,Continental Super,2012,WBA3N9C58EK669605
